Timestamp,Rank,Player name,Guess rate,Usefulness,erigs,0/8s,7/8s,avg/8,# 3/8s or below,OP guess rate,ED guess rate,IN guess rate,Lives taken,Lives saved,Total hit,Total songs,WIN,LOSE,TIE,Player ID
2026-01-30 22:31:02,12,atsui,56.97,9.608,8,23,1,3.745,38,68.182,50,56,12,18,94,165,1,4,1,1
2026-02-10 16:15:25,13,atsui,59.055,12.229,12,17,0,3.6,40,63.636,50,59.434,19,15,75,127,5,1,0,1
2026-03-04 16:58:54,13,atsui,57.258,9.828,3,15,2,3.451,39,81.818,34.783,60,6,21,71,124,2,4,0,1
2026-03-25 19:01:15,12,watashiii,41.844,0.0,3,6,0,4.051,22,84.615,47.368,35.78,5,3,59,141,3,2,1,4
2026-01-12 22:35:13,10,kar72,44.094,7.187,3,22,0,4.482,16,90,41.176,40,5,9,56,127,4,1,1,20
2026-01-30 22:31:02,10,kar72,47.101,7.786,3,26,0,3.677,32,78.947,38.462,42.453,7,16,65,138,3,2,1,20
2026-01-12 22:35:13,20,PoolNoodle,69.565,21.52,18,18,0,2.987,50,100,69.231,66.667,21,33,80,115,1,5,0,21
2026-01-30 22:31:02,19,PoolNoodle,76.087,20.192,17,16,1,2.867,79,92.857,66.667,75.472,20,47,105,138,2,4,0,21
2026-03-01 22:02:42,19,PoolNoodle,68.217,17.518,8,16,0,3.693,46,91.667,72.222,64.646,8,39,88,129,0,6,0,21
2026-03-25 19:01:15,20,beanman87,90.541,0.0,15,3,0,3.127,91,93.333,73.333,92.373,18,60,134,148,1,5,0,32
2026-01-12 22:35:13,12,mkby,49.167,8.844,3,19,0,4.237,21,93.75,27.273,44.086,5,14,59,120,1,5,0,43
2026-01-30 22:31:02,12,mkby,46.061,4.822,0,23,0,4.237,22,90.909,55.556,36.8,4,9,76,165,1,4,1,43
2026-03-01 22:02:42,14,Chata,70.992,15.219,5,6,0,4.032,42,91.667,80,66.667,6,20,93,131,5,1,0,51
2026-03-04 16:58:54,17,Chata,78.205,15.831,12,8,0,3.23,71,84.615,78.261,77.5,19,46,122,156,3,3,0,51
2026-03-25 19:01:15,17,Chata,76.923,0.0,4,5,0,3.5,61,91.667,80,75.194,9,37,120,156,4,1,1,51
2026-02-10 16:15:25,9,neoburnz,50.0,6.993,5,24,0,4.5,24,83.333,60,43.519,9,15,68,136,0,6,0,59
2026-03-04 16:58:54,11,neoburnz,39.516,4.66,0,15,1,3.959,20,72.727,39.13,35.556,3,6,49,124,2,4,0,59
2026-02-10 16:15:25,14,Yokipi,50.735,10.022,6,21,0,3.464,37,46.667,50,51.327,12,25,69,136,3,3,0,64
2026-03-01 22:02:42,14,Yokipi,74.803,19.699,8,12,0,3.611,48,83.333,82.353,73.077,9,35,95,127,2,3,1,64
2026-03-04 16:58:54,17,Yokipi,84.404,17.901,11,4,0,3.207,58,78.571,76.923,86.585,23,18,92,109,5,1,0,64
2026-03-25 19:01:15,19,Yokipi,86.096,0.0,12,8,0,3.385,90,95,80.952,85.616,15,61,161,187,2,2,2,64
2026-03-04 16:58:54,9,moosepi,37.255,4.4,1,19,5,3.982,20,43.75,30.435,37.719,3,11,57,153,2,4,0,80
2026-01-12 22:35:13,9,Milar,50.0,7.935,2,13,0,4.415,16,90.909,63.158,43,7,5,65,130,5,0,1,83
2026-02-10 16:15:25,5,Beokros,40.945,5.942,4,17,0,4.385,18,63.636,40,38.679,10,2,52,127,5,1,0,87
2026-01-12 22:35:13,13,cafezinho,66.154,13.497,7,13,0,3.93,35,100,73.684,61,15,13,86,130,5,0,1,106
2026-03-25 19:01:15,6,Janoxx,24.359,0.0,1,5,5,4.526,7,50,26.667,21.705,3,2,38,156,4,1,1,121
2026-01-12 22:35:13,9,thjalago,48.031,10.634,6,22,0,3.885,31,80,23.529,49,10,14,61,127,4,1,1,147
2026-01-30 22:31:02,12,thjalago,44.928,7.744,3,26,1,3.645,29,57.895,15.385,46.226,9,12,62,138,3,2,1,147
2026-02-10 16:15:25,12,thjalago,55.039,10.436,6,20,0,3.69,40,66.667,0,57.798,15,20,71,129,4,2,0,147
2026-03-01 22:02:42,12,thjalago,42.222,7.15,2,6,1,4.789,22,50,26.316,44.545,2,6,57,135,4,1,1,147
2026-03-04 16:58:54,12,thjalago,60.784,10.859,7,19,1,3.419,53,81.25,52.174,59.649,10,30,93,153,2,4,0,147
2026-02-10 16:15:25,4,Bommie,34.646,3.692,1,17,1,4.886,12,54.545,10,34.906,3,5,44,127,5,1,0,150
2026-02-10 16:15:25,7,Skychael,36.029,3.434,0,24,0,5.184,9,72.222,50,28.704,3,5,49,136,0,6,0,160
2026-01-12 22:35:13,6,JustAWeirdo,22.5,2.676,0,19,0,5.0,6,37.5,0,22.581,0,4,27,120,1,5,0,171
2026-02-10 16:15:25,6,JustAWeirdo,27.132,3.319,0,20,1,4.714,11,33.333,0,28.44,6,4,35,129,4,2,0,171
2026-03-01 22:02:42,6,JustAWeirdo,17.054,2.383,1,16,1,5.182,5,25,11.111,17.172,2,1,22,129,0,6,0,171
2026-01-12 22:35:13,7,Kirox,19.13,2.529,0,18,0,4.818,5,55.556,15.385,16.129,1,3,22,115,1,5,0,175
2026-02-10 16:15:25,3,MintyDude,29.457,5.636,7,20,3,3.842,17,25,12.5,31.193,12,1,38,129,4,2,0,185
2026-03-25 19:01:15,8,MintyDude,32.432,0.0,0,3,2,4.292,16,53.333,26.667,30.508,2,0,48,148,1,5,0,185
2026-01-12 22:35:13,5,AnotherWish,35.385,5.044,2,13,0,4.717,10,45.455,47.368,32,5,4,46,130,5,0,1,260
2026-01-30 22:31:02,8,AnotherWish,28.986,4.268,3,26,3,3.975,15,42.105,38.462,25.472,6,5,40,138,3,2,1,260
2026-01-12 22:35:13,3,Tvaz,16.923,1.762,0,13,2,5.136,3,72.727,10.526,12,2,0,22,130,5,0,1,263
2026-02-10 16:15:25,3,Tvaz,21.324,3.435,2,21,0,4.034,13,53.333,12.5,17.699,3,5,29,136,3,3,0,263
2026-03-01 22:02:42,3,Tvaz,26.718,2.385,0,6,0,5.543,1,75,15,23.232,0,0,35,131,5,1,0,263
2026-03-04 16:58:54,3,Tvaz,26.606,2.015,0,4,4,4.655,7,57.143,15.385,23.171,3,0,29,109,5,1,0,263
2026-03-25 19:01:15,6,Tvaz,28.342,0.0,0,8,5,4.83,6,80,19.048,22.603,0,0,53,187,2,2,2,263
2026-01-12 22:35:13,10,Provenance,45.0,7.754,5,19,0,4.37,15,93.75,27.273,38.71,7,6,54,120,1,5,0,289
2026-01-30 22:31:02,10,Provenance,44.828,8.069,6,19,1,3.631,32,58.824,41.176,43.243,11,9,65,145,5,1,0,289
2026-03-01 22:02:42,11,Provenance,37.008,4.751,0,12,1,4.894,6,66.667,35.294,35.577,1,2,47,127,2,3,1,289
2026-01-12 22:35:13,6,FeyFey,23.622,2.633,0,22,1,5.2,6,40,17.647,23,0,3,30,127,4,1,1,292
2026-01-30 22:31:02,6,FeyFey,26.812,2.981,0,16,2,4.162,14,57.143,33.333,21.698,1,1,37,138,2,4,0,292
2026-02-10 16:15:25,6,FeyFey,27.206,2.656,1,24,1,5.351,7,66.667,20,21.296,4,4,37,136,0,6,0,292
2026-03-01 22:02:42,6,FeyFey,24.444,1.831,0,6,2,6.121,4,16.667,21.053,25.455,1,0,33,135,4,1,1,292
2026-03-04 16:58:54,6,FeyFey,24.837,2.294,0,19,4,4.342,11,50,17.391,22.807,2,3,38,153,2,4,0,292
2026-01-12 22:35:13,2,xeyz,7.826,0.734,0,18,1,5.556,1,44.444,23.077,2.151,1,0,9,115,1,5,0,335
2026-01-30 22:31:02,4,qwecocacola,16.667,1.95,1,16,6,4.304,7,21.429,5.556,17.925,3,2,23,138,2,4,0,376
2026-02-10 16:15:25,4,qwecocacola,27.132,3.046,2,20,1,4.857,8,50,25,24.771,3,2,35,129,4,2,0,376
2026-03-01 22:02:42,5,qwecocacola,17.829,2.289,0,16,0,5.217,7,41.667,22.222,14.141,1,0,23,129,0,6,0,376
2026-03-25 19:01:15,5,qwecocacola,27.66,0.0,2,6,6,4.179,12,38.462,15.789,28.44,4,3,39,141,3,2,1,376
2026-03-01 22:02:42,8,CipherKai,34.351,4.676,2,6,1,5.067,9,50,30,33.333,2,2,45,131,5,1,0,379
2026-01-12 22:35:13,1,ElJuanchi,16.522,2.524,0,18,1,4.579,6,33.333,0,17.204,3,1,19,115,1,5,0,399
2026-01-30 22:31:02,3,ElJuanchi,21.379,2.569,1,19,5,4.258,13,41.176,29.412,17.117,2,3,31,145,5,1,0,399
2026-02-10 16:15:25,4,ElJuanchi,20.588,2.562,1,21,0,4.536,9,33.333,25,18.584,1,5,28,136,3,3,0,399
2026-03-04 16:58:54,4,ElJuanchi,22.436,1.662,0,8,4,4.6,6,30.769,34.783,19.167,2,2,35,156,3,3,0,399
2026-02-10 16:15:25,2,anicomi,9.449,0.921,2,17,3,6.0,2,36.364,0,7.547,2,0,12,127,5,1,0,405
2026-01-12 22:35:13,1,FoopyPoopy,7.5,0.922,1,19,0,5.667,2,37.5,0,3.226,1,0,9,120,1,5,0,410
2026-03-01 22:02:42,3,SaoriHayami,30.37,2.899,0,6,1,5.732,7,50,21.053,30.909,1,3,41,135,4,1,1,428
2026-03-01 22:02:42,3,Luna,24.806,2.768,0,16,0,5.25,5,50,16.667,23.232,0,2,32,129,0,6,0,431
2026-03-04 16:58:54,6,Luna,41.026,5.273,1,8,3,3.906,25,61.538,43.478,38.333,7,9,64,156,3,3,0,431
2026-03-25 19:01:15,9,Luna,37.968,0.0,1,8,9,4.211,22,55,19.048,38.356,4,5,71,187,2,2,2,431
2026-03-01 22:02:42,5,Loomi,25.984,3.473,1,12,0,5.152,7,50,35.294,23.077,1,3,33,127,2,3,1,437
2026-01-12 22:35:13,4,RyoutaVN,20.472,2.132,0,22,1,5.385,4,60,17.647,17,2,2,26,127,4,1,1,453
2026-02-10 16:15:25,2,RyoutaVN,25.735,2.553,2,24,0,5.457,7,61.111,20,20.37,5,1,35,136,0,6,0,453
2026-01-30 22:31:02,5,NMapper,32.121,4.81,5,23,6,4.075,18,54.545,44.444,26.4,8,7,53,165,1,4,1,479
2026-03-01 22:02:42,8,NMapper,51.145,9.706,4,6,1,4.313,22,66.667,50,49.495,5,7,67,131,5,1,0,479
2026-03-04 16:58:54,9,NMapper,59.633,8.835,2,4,0,3.754,32,78.571,69.231,54.878,12,6,65,109,5,1,0,479
2026-03-25 19:01:15,11,NMapper,53.205,0.0,1,5,1,3.976,28,91.667,53.333,49.612,4,7,83,156,4,1,1,479
2026-02-10 16:15:25,3,labranche,14.706,3.08,2,21,3,3.35,11,20,0,15.044,7,2,20,136,3,3,0,485
2026-03-01 22:02:42,12,labranche,75.556,18.681,11,6,0,3.922,55,100,68.421,75.455,13,27,102,135,4,1,1,485
2026-03-25 19:01:15,17,labranche,73.759,0.0,5,6,0,3.317,62,100,63.158,72.477,8,39,104,141,3,2,1,485
2026-03-01 22:02:42,3,Aleksandy,12.598,1.406,1,12,3,5.562,1,0,11.765,13.462,1,0,16,127,2,3,1,487
2026-03-04 16:58:54,3,Aleksandy,25.806,2.7,1,15,4,4.219,9,45.455,26.087,23.333,4,2,32,124,2,4,0,487
2026-03-25 19:01:15,5,Aleksandy,18.919,0.0,0,3,7,4.714,6,20,20,18.644,1,1,28,148,1,5,0,487
